{
  "project_info": {
    "project_number": "507126756292",
    "project_id": "migx-app",
    "storage_bucket": "migx-app.firebasestorage.app"
  },
  "client": [
    {
      "client_info": {
        "mobilesdk_app_id": "1:507126756292:android:257e815b8d2738c1d1aa91",
        "android_client_info": {
          "package_name": "com.migx.app"
        }
      },
      "oauth_client": [],
      "api_key": [
        {
          "current_key": "AIzaSyCQvnzu2nbxku6vKSSr4rgYDzH7SdxUIO8"
        }
      ],
      "services": {
        "appinvite_service": {
          "other_platform_oauth_client": []
        }
      }
    }
  ],
  "configuration_version": "1"
}